{"cameraMode":{"drawMode":0,"name":"Shaded","section":"Shading Mode"},"sceneLighting":false,"audioPlay":false,"sceneViewState":{"m_AlwaysRefresh":false,"showFog":true,"showSkybox":false,"showFlares":true,"showImageEffects":true,"showParticleSystems":true,"showVisualEffectGraphs":true,"m_FxEnabled":true},"in2DMode":false,"pivot":{"x":18.473649978637697,"y":-0.043129026889801028,"z":19.96454429626465},"rotation":{"x":0.14054924249649049,"y":-0.777125358581543,"z":0.1870037019252777,"w":0.5843387246131897},"size":2.7056379318237306,"orthographic":false}