{"cameraMode":{"drawMode":0,"name":"Shaded","section":"Shading Mode"},"sceneLighting":false,"audioPlay":false,"sceneViewState":{"m_AlwaysRefresh":false,"showFog":true,"showSkybox":false,"showFlares":true,"showImageEffects":true,"showParticleSystems":true,"showVisualEffectGraphs":true,"m_FxEnabled":true},"in2DMode":false,"pivot":{"x":17.726516723632814,"y":14.368691444396973,"z":-0.37582194805145266},"rotation":{"x":-0.04536822810769081,"y":0.9412010312080383,"z":-0.30389145016670229,"w":-0.14051543176174165},"size":7.499561309814453,"orthographic":false}