{"cameraMode":{"drawMode":0,"name":"Shaded","section":"Shading Mode"},"sceneLighting":false,"audioPlay":false,"sceneViewState":{"m_AlwaysRefresh":false,"showFog":true,"showSkybox":false,"showFlares":true,"showImageEffects":true,"showParticleSystems":true,"showVisualEffectGraphs":true,"m_FxEnabled":true},"in2DMode":false,"pivot":{"x":15.960000038146973,"y":0.7900000214576721,"z":19.010000228881837},"rotation":{"x":0.005866990424692631,"y":0.9054061770439148,"z":-0.4243791103363037,"w":0.012491378001868725},"size":0.8146450519561768,"orthographic":false}